Pooled library ID (from GIS),Barcode,sample #,date,Island,site,Lat,Long,Reef Type,Exposure,Species tentative,RFLP ID Species ID - confirmed,Colony Colour,avg. site temp,Temp Range (oC),salinity,Salinity Range (ppt),depth (m),Depth Range (m)
27,TCTAGCCTGGCA,CHPd47,42089,South Brother,BiTb54,-6.16601,71.526759999999996,fringing reef,windward,P. acuta,P. acuta,healthy,29.8,29.5-30,34.299999999999997,34-35,21.8,25-30m
28,AATGCAATGCGT,CHPd50,42090,Middle Brother,BiTb57a,-6.1597900000000001,71.527100000000004,channel reef,leeward,P. acuta,P. acuta,healthy,29.8,29.5-30,34.200000000000003,34-35,19.7,15-20m
39,GCCGGTACTCTA,CHPd64,42108,Peros Banhos,BiPb62,-5.4272099999999996,71.777789999999996,lagoonal patch reef,leeward,P. acuta,P. acuta,healthy,30.4,30-30.5,34.4,34-35,24.6,25-30m
40,CACAGGATTACC,CHPd65,42108,Peros Banhos,BiPb62,-5.4272099999999996,71.777789999999996,lagoonal patch reef,leeward,P. acuta,P. acuta,bleached,30.4,30-30.5,34.4,34-35,22.7,20-25m
48,GTGTGCTAACGT,CHPd76,42109,Peros Banhos,BiPb65,-5.4107700000000003,71.803489999999996,lagoonal patch reef,leeward,P. acuta,P. acuta,bleached,30.5,30-30.5,34.299999999999997,34-35,24.5,20-25m
49,CTTGCGGCAATC,CHPd77,42109,Peros Banhos,BiPb65,-5.4107700000000003,71.803489999999996,lagoonal patch reef,leeward,P. acuta,P. acuta,healthy,30.5,30-30.5,34.299999999999997,34-35,24.2,20-25m
60,TTCCGAATCGGC,CHPd88,42110,Peros Banhos,BiPb68,-5.2563000000000004,71.768609999999995,fringing reef,leeward,P. acuta,P. acuta,bleached,30.9,30-30.5,34.5,34-35,11.5,10-15m
61,TACCTAGTGAGA,CHPd89,42110,Peros Banhos,BiPb68,-5.2563000000000004,71.768609999999995,fringing reef,leeward,P. acuta,P. acuta,bleached,30.9,30-30.5,34.5,34-35,6.5,5-10m
73,TCCTTAGAAGGC,CHPd101,42111,Peros Banhos,BiPb70,-5.3251499999999998,71.857389999999995,lagoonal patch reef,leeward,P. acuta,P. acuta,healthy,30.3,30-30.5,32.4,32-33,9.9,5-10m
74,GATGGACTTCAA,CHPd103,42112,Peros Banhos,BiPb72,-5.2760699999999998,71.886629999999997,back reef pinnacles,leeward,P. acuta,P. acuta,healthy,30.3,30-30.5,34.4,34-35,20.100000000000001,20-25m
85,CTGTAAAGGTTG,CHPd115,42118,Speaker's Bank,BiSp89,-4.9517499999999997,72.382959999999997,lagoonal patch reef,leeward,P. acuta,P. acuta,bleached,29.9,29.5-30,34.299999999999997,34-35,19,15-20m
86,TGAGTCATTGAG,CHPd116,42118,Salomon,BiSa91,-5.3396499999999998,72.263319999999993,backreef,leeward,P. acuta,P. acuta,healthy,30.8,30-30.5,34.299999999999997,34-35,20.2,20-25m
97,TAGACCGACTCC,CHPd128,42119,Salomon,BiSa94,-5.3503800000000004,72.220010000000002,lagoonal patch reef,leeward,P. acuta,P. acuta,healthy,29.9,29.5-30,34.299999999999997,34-35,18.5,15-20m
98,GTCAACGCTGTC,CHPd130,42119,Salomon,BiSa94,-5.3503800000000004,72.220010000000002,lagoonal patch reef,leeward,P. acuta,P. acuta,healthy,29.9,29.5-30,34.299999999999997,34-35,15.2,15-20m
103,TAAGCGTCTCGA,CHPd136,42120,Salomon,BiSa97,-5.3167600000000004,72.237290000000002,channel patch reef,leeward,P. acuta,P. acuta,very pale,30.8,30.5-31,34.299999999999997,34-35,15.4,15-20m
104,ATAGCTTCGTGG,CHPd142,42123,Salomon,BiSa105,-5.3342599999999996,72.243110000000001,lagoonal patch reef,leeward,P. acuta,P. damicornis,healthy,30.5,30-30.5,34.200000000000003,34-35,28,25-30m
115,TGCCGAGTAATC,CHPd157,42125,Peros Banhos,BiPb72b,-5.2766000000000002,71.886219999999994,back reef pinnacles,leeward,P. acuta,P. damicornis,healthy,30.3,30-30.5,34.4,34-35,20.2,20-25m
116,ACCTTGACAAGA,CHPd158,42125,Peros Banhos,BiPB74b,-5.2604300000000004,71.951769999999996,lagoonal patch reef,leeward,P. acuta,P. damicornis,healthy,30.4,30-30.5,34.299999999999997,34-35,25.2,25-30m
134,TAGGCTCGTGCT,CHPd31,42082,Three Brothers,BiTb34.5,-6.1555600000000004,71.519450000000006,lagoonal patch reef,leeward,Pocillopora sp,P. acuta,healthy,NA,NA,NA,NA,4.5999999999999996,0-5m
135,CTCCTTAAGGCG,CHPd46,42088,Central Chagos,BiCC50,-6.3994499999999999,71.617260000000002,submerged bank,leeward,P. damicornis,P. damicornis,healthy,30,30-30.5,34.200000000000003,34-35,19,15-20m
136,TTGCCTGGGTCA,CHPd48,42089,South Brother,BiTb55,-6.1752599999999997,71.539739999999995,fringing reef,windward,P. damicornis,P. damicornis,healthy,30,30-30.5,34.299999999999997,34-35,14.6,10-15m
138,ACTGGCAAACCT,CHPd105,42112,Peros Banhos,BiPb74,-5.2610599999999996,71.951790000000003,lagoonal patch reef,leeward,Pocillopora sp.,P. damicornis,bleached,30.3,30-30.5,34.1,34-35,20,20-25m
139,AATCAGAGCTTG,CHPd135,42120,Salomon,BiSa97,-5.3167600000000004,72.237290000000002,channel patch reef,leeward,Pocillopora sp.,P. acuta,very pale,30.8,30.5-31,34.299999999999997,34-35,15.2,15-20m
140,CAATGTAGACAC,CHPd137,42120,Salomon,BiSa97,-5.3167600000000004,72.237290000000002,channel patch reef,leeward,P. damicornis,P. acuta,healthy,30.8,30.5-31,34.299999999999997,34-35,14.6,5-10m
141,TGGCGATACGTT,CHPd138,42120,Salomon,BiSa97,-5.3167600000000004,72.237290000000002,channel patch reef,leeward,Pocillopora sp.,P. acuta,bleached,30.8,30.5-31,34.299999999999997,34-35,10.8,5-10m
143,TACCTGTGTCTT,CHPd140,42120,Salomon,BiSa97,-5.3167600000000004,72.237290000000002,channel patch reef,leeward,P. damicornis,P. damicornis,healthy,30.8,30.5-31,34.299999999999997,34-35,11.5,5-10m
144,AACGAGGCAACG,CHPd141,42121,Victory Bank,BiVB99,-5.5310199999999998,72.245080000000002,lagoonal patch reef,leeward,P. damicornis,P. damicornis,healthy,29.9,29.5-30,34.200000000000003,34-35,24,20-25m
145,GAAGACAGCGAC,CHPd146,42123,Salomon,BiSa105,-5.3342599999999996,72.243110000000001,lagoonal patch reef,leeward,Pocillopora sp.,P. acuta,bleached,30.5,30-30.5,34.200000000000003,34-35,10.199999999999999,5-10m
146,ACACCTGCGATC,CHPd147,42123,Salomon,BiSa105,-5.3342599999999996,72.243110000000001,lagoonal patch reef,leeward,Pocillopora sp.,P. damicornis,bleached,30.5,30-30.5,34.200000000000003,34-35,9.1999999999999993,5-10m
149,TTGCGACAAAGT,CHPd165,42126,Peros Banhos,BiPb69c,-5.2966899999999999,71.766050000000007,lagoonal patch reef,leeward,Pocillopora sp.,P. acuta,bleached,30.4,30-30.5,34.200000000000003,34-35,17.8,15-20m
150,TGCGAGTATATG,Blank_1,Blank,Blank,Blank,Blank,Blank,Blank,Blank,Blank,Blank,Blank,Blank,Blank,Blank,Blank,Blank,Blank
161,GTTGGCGTTACA,Blank_12,Blank,Blank,Blank,Blank,Blank,Blank,Blank,Blank,Blank,Blank,Blank,Blank,Blank,Blank,Blank,Blank
163,TTGCGGACCCTA,Blank_14,Blank,Blank,Blank,Blank,Blank,Blank,Blank,Blank,Blank,Blank,Blank,Blank,Blank,Blank,Blank,Blank
